id;title;description;start_time;end_time
1;Administrator Home Rest;Creative;2020-07-14T06:46:25;2020-07-14T07:12:37
2;Dynamic Mauritius;Nevada Pants;2020-07-13T22:23:02;2020-07-14T10:15:59
3;Licensed Som;Checking Account;2020-07-14T02:04:00;2020-07-14T16:26:38
4;Gloves;product online Drive;2020-07-13T17:27:46;2020-07-14T15:08:05
5;Shoes revolutionize deposit;yellow;2020-07-13T23:16:32;2020-07-13T20:50:04
6;Credit Card Account Haiti Borders;navigating Right-sized;2020-07-14T00:43:44;2020-07-14T06:03:31
7;Awesome;e-enable Developer contingency;2020-07-14T07:10:47;2020-07-14T15:00:50
8;Handcrafted Monitored;Marketing generate;2020-07-14T11:02:08;2020-07-13T21:02:56
9;conglomeration Implemented Assistant;Response Burundi conglomeration;2020-07-14T10:32:54;2020-07-13T22:59:17
10;Ethiopian Birr Response;lime open-source Unbranded;2020-07-13T19:07:20;2020-07-14T08:28:54
